PROVINCE,1988,1989,1990,1991,1992,1993,1994,1995,1996,1997,1998,1999,2000,2001,2002,2003,2004,2005,2006,2007,2008,2009,2010,2011,2012,2013,2014,2015,2016,2017,2018,2019,2020
,,,,,,,,,,,,,,,,,,,,,,,,,,,,,,,,,
Region I - Ilocos Region,,,,,,,,,,,,,,,,,,,,,,,,,,,,,,,,,
ILOCOS NORTE," 1,330 "," 1,544 "," 1,945 "," 1,795 "," 1,860 "," 1,975 "," 1,832 "," 1,992 "," 2,335 "," 2,000 "," 1,518 "," 1,273 "," 1,907 "," 1,632 "," 1,572 "," 1,625 "," 2,049 "," 1,726 "," 1,984 "," 2,314 "," 1,979 "," 2,391 "," 3,274 "," 2,739 "," 2,416 "," 2,389 "," 2,380 "," 2,730 "," 2,605 "," 2,425 "," 2,221 "," 1,878 ", 420 
ILOCOS SUR, 785 , 823 ," 1,028 "," 1,018 ", 990 ," 1,180 "," 1,145 "," 1,028 "," 1,271 ", 951 , 694 , 824 , 931 , 809 , 858 , 878 ," 1,156 "," 1,109 "," 1,199 "," 1,157 "," 1,142 "," 1,397 "," 1,664 "," 1,431 "," 1,337 "," 1,322 "," 1,408 "," 1,575 "," 1,560 "," 1,525 "," 1,181 ", 920 , 242 
LA UNION, 864 , 789 , 847 , 977 ," 1,022 ", 959 ," 1,001 ", 898 , 987 , 834 , 621 , 608 , 743 , 707 , 807 , 769 , 945 , 966 ," 1,043 "," 1,126 "," 1,017 "," 1,152 "," 1,470 "," 1,414 "," 1,231 ", 948 ," 1,265 "," 1,559 "," 1,255 "," 1,318 "," 1,115 ", 950 , 215 
PANGASINAN," 2,769 "," 2,581 "," 3,129 "," 3,080 "," 3,135 "," 3,378 "," 3,646 "," 3,160 "," 3,366 "," 2,898 "," 2,151 "," 2,184 "," 2,565 "," 2,455 "," 2,733 "," 2,727 "," 3,214 "," 3,234 "," 3,631 "," 3,790 "," 3,303 "," 3,963 "," 4,491 "," 3,985 "," 3,922 "," 3,663 "," 3,685 "," 4,690 "," 4,060 "," 4,003 "," 3,847 "," 3,083 ", 686 
Sub-Total Ilocos Region," 5,748 "," 5,737 "," 6,949 "," 6,870 "," 7,007 "," 7,492 "," 7,624 "," 7,078 "," 7,959 "," 6,683 "," 4,984 "," 4,889 "," 6,146 "," 5,603 "," 5,970 "," 5,999 "," 7,364 "," 7,035 "," 7,857 "," 8,387 "," 7,441 "," 8,903 "," 10,899 "," 9,569 "," 8,906 "," 8,322 "," 8,738 "," 10,554 "," 9,480 "," 9,271 "," 8,364 "," 6,831 "," 1,563 "
,,,,,,,,,,,,,,,,,,,,,,,,,,,,,,,,,
Region II - Cagayan Valley,,,,,,,,,,,,,,,,,,,,,,,,,,,,,,,,,
BATANES, 2 , -   , -   , 1 , -   , 2 , 3 , 2 , 1 , 4 , -   , 3 , -   , 4 , -   , 3 , 7 , -   , 9 , 5 , 8 , 10 , 5 , 9 , 4 , 9 , 13 , 12 , 6 , 9 , 5 , 4 ,
CAGAYAN, 243 , 246 , 245 , 264 , 262 , 275 , 307 , 285 , 403 , 301 , 206 , 234 , 276 , 247 , 344 , 334 , 367 , 356 , 527 , 452 , 476 , 603 , 633 , 727 , 723 , 627 , 616 ," 1,156 ", 981 , 954 , 806 , 706 , 151 
ISABELA, 279 , 298 , 342 , 343 , 343 , 406 , 517 , 393 , 502 , 479 , 340 , 407 , 353 , 421 , 467 , 429 , 599 , 549 , 712 , 731 , 616 , 851 ," 1,011 ", 916 , 913 , 835 , 848 ," 1,403 "," 1,215 "," 1,365 "," 1,009 ", 977 , 221 
NUEVA VIZCAYA, 174 , 153 , 164 , 195 , 234 , 267 , 297 , 298 , 287 , 237 , 187 , 172 , 146 , 179 , 184 , 227 , 271 , 223 , 348 , 295 , 259 , 395 , 392 , 416 , 428 , 343 , 476 , 651 , 534 , 567 , 443 , 335 , 74 
QUIRINO, 3 , 8 , 15 , 8 , 33 , 12 , 22 , 27 , 37 , 26 , 20 , 32 , 21 , 40 , 36 , 14 , 19 , 40 , 44 , 45 , 57 , 47 , 59 , 47 , 43 , 62 , 90 , 141 , 152 , 117 , 98 , 88 , 18 
Sub-Total Cagayan Valley, 701 , 705 , 766 , 811 , 872 , 962 ," 1,146 "," 1,005 "," 1,230 "," 1,047 ", 753 , 848 , 796 , 891 ," 1,031 "," 1,007 "," 1,263 "," 1,168 "," 1,640 "," 1,528 "," 1,416 "," 1,906 "," 2,100 "," 2,115 "," 2,111 "," 1,876 "," 2,043 "," 3,363 "," 2,888 "," 3,012 "," 2,361 "," 2,110 ", 464 
,,,,,,,,,,,,,,,,,,,,,,,,,,,,,,,,,
Region III - Central Luzon,,,,,,,,,,,,,,,,,,,,,,,,,,,,,,,,,
AURORA, 6 , 21 , 27 , 8 , 23 , 26 , 22 , 16 , 14 , 13 , 7 , 8 , 21 , 15 , 14 , 29 , 13 , 13 , 21 , 34 , 23 , 37 , 35 , 39 , 47 , 35 , 41 , 71 , 79 , 45 , 43 , 68 , 13 
BATAAN, 648 , 639 , 831 , 689 , 808 , 654 , 751 , 558 , 642 , 561 , 389 , 417 , 464 , 415 , 578 , 553 , 586 , 545 , 677 , 713 , 599 , 701 , 849 , 747 , 817 , 656 , 735 , 862 , 810 , 728 , 690 , 638 , 125 
BULACAN," 1,136 "," 1,262 "," 1,542 "," 1,451 "," 1,460 "," 1,594 "," 1,688 "," 1,532 "," 1,600 "," 1,404 "," 1,105 "," 1,208 "," 1,582 "," 1,651 "," 1,735 "," 1,761 "," 2,058 "," 2,247 "," 2,947 "," 2,832 "," 2,604 "," 2,841 "," 3,182 "," 3,062 "," 3,180 "," 2,891 "," 3,029 "," 3,598 "," 3,375 "," 2,990 "," 2,681 "," 2,351 ", 620 
NUEVA ECIJA, 746 , 690 , 869 , 858 , 862 , 997 , 944 , 953 ," 1,023 ", 966 , 662 , 645 , 789 , 791 , 831 , 862 ," 1,058 "," 1,173 "," 1,423 "," 1,423 "," 1,387 "," 1,612 "," 1,567 "," 1,641 "," 1,607 "," 1,531 "," 1,571 "," 2,048 "," 1,816 "," 1,520 "," 1,461 "," 1,410 ", 333 
PAMPANGA," 4,481 "," 4,304 "," 4,435 "," 4,233 "," 3,697 "," 3,838 "," 3,760 "," 3,320 "," 3,593 "," 3,310 "," 2,285 "," 2,301 "," 2,665 "," 2,673 "," 3,132 "," 2,854 "," 3,243 "," 3,510 "," 3,854 "," 4,315 "," 3,568 "," 4,431 "," 4,752 "," 4,461 "," 4,619 "," 4,368 "," 4,636 "," 4,986 "," 4,997 "," 4,325 "," 3,942 "," 3,545 ", 855 
TARLAC, 982 , 938 ," 1,093 "," 1,032 "," 1,098 "," 1,128 "," 1,246 "," 1,062 "," 1,227 "," 1,020 ", 691 , 743 , 900 , 937 ," 1,016 ", 969 ," 1,203 "," 1,192 "," 1,294 "," 1,389 "," 1,283 "," 1,647 "," 1,927 "," 1,763 "," 1,662 "," 1,600 "," 1,641 "," 1,943 "," 1,865 "," 1,613 "," 1,484 "," 1,254 ", 283 
ZAMBALES," 4,088 "," 3,344 "," 3,469 "," 3,288 "," 4,485 "," 2,612 "," 2,099 "," 2,061 "," 2,146 "," 1,677 "," 1,141 "," 1,134 "," 1,446 "," 1,323 "," 1,434 "," 1,187 "," 1,487 "," 1,472 "," 1,749 "," 1,840 "," 1,434 "," 1,658 "," 1,856 "," 1,567 "," 1,495 "," 1,543 "," 1,543 "," 1,691 "," 1,527 "," 1,377 "," 1,471 "," 1,212 ", 323 
Sub-Total Central Luzon," 12,087 "," 11,198 "," 12,266 "," 11,559 "," 12,433 "," 10,849 "," 10,510 "," 9,502 "," 10,245 "," 8,951 "," 6,280 "," 6,456 "," 7,867 "," 7,805 "," 8,740 "," 8,215 "," 9,648 "," 10,152 "," 11,965 "," 12,546 "," 10,898 "," 12,927 "," 14,168 "," 13,280 "," 13,427 "," 12,624 "," 13,196 "," 15,199 "," 14,469 "," 12,598 "," 11,772 "," 10,478 "," 2,552 "
,,,,,,,,,,,,,,,,,,,,,,,,,,,,,,,,,
Region IV-A CALABARZON,,,,,,,,,,,,,,,,,,,,,,,,,,,,,,,,,
BATANGAS," 1,014 ", 941 ," 1,139 "," 1,097 "," 1,126 "," 1,333 "," 1,288 "," 1,103 "," 1,134 "," 1,024 ", 695 , 777 ," 1,091 "," 1,293 "," 1,453 "," 1,341 "," 1,661 "," 1,649 "," 2,067 "," 2,313 "," 2,317 "," 3,023 "," 3,452 "," 3,715 "," 3,460 "," 3,358 "," 3,339 "," 3,282 "," 3,136 "," 2,785 "," 2,529 "," 1,851 ", 521 
CAVITE," 2,323 "," 2,358 "," 2,650 "," 2,557 "," 2,591 "," 2,722 "," 2,812 "," 2,478 "," 2,802 "," 2,647 "," 1,894 "," 1,952 "," 2,609 "," 2,709 "," 2,772 "," 2,751 "," 3,259 "," 3,657 "," 4,506 "," 4,520 "," 3,931 "," 4,946 "," 5,130 "," 5,288 "," 4,895 "," 4,623 "," 5,001 "," 5,146 "," 5,277 "," 4,483 "," 4,227 "," 4,041 ", 952 
LAGUNA," 1,353 "," 1,432 "," 1,668 "," 1,745 "," 1,803 "," 1,821 "," 1,902 "," 1,718 "," 1,904 "," 1,810 "," 1,233 "," 1,254 "," 1,599 "," 1,991 "," 2,087 "," 1,990 "," 2,173 "," 2,679 "," 3,077 "," 3,076 "," 2,900 "," 3,125 "," 3,811 "," 3,574 "," 3,393 "," 3,598 "," 3,389 "," 3,716 "," 3,430 "," 2,999 "," 2,554 "," 2,230 ", 673 
QUEZON, 475 , 472 , 487 , 579 , 573 , 542 , 664 , 476 , 516 , 464 , 338 , 366 , 392 , 456 , 502 , 396 , 545 , 635 , 688 , 669 , 658 , 821 , 836 , 879 , 889 , 881 , 852 ," 1,030 ", 984 , 930 , 748 , 724 , 160 
RIZAL," 1,273 "," 1,278 "," 1,568 "," 1,463 "," 1,530 "," 1,701 "," 1,731 "," 1,550 "," 1,905 "," 1,632 "," 1,251 "," 1,225 "," 1,699 "," 1,915 "," 1,969 "," 1,983 "," 2,381 "," 2,705 "," 3,162 "," 2,964 "," 2,805 "," 3,107 "," 3,428 "," 3,216 "," 3,033 "," 3,102 "," 3,064 "," 3,446 "," 3,431 "," 3,101 "," 2,774 "," 2,358 ", 571 
Sub-Total CALABARZON," 6,438 "," 6,481 "," 7,512 "," 7,441 "," 7,623 "," 8,119 "," 8,397 "," 7,325 "," 8,261 "," 7,577 "," 5,411 "," 5,574 "," 7,390 "," 8,364 "," 8,783 "," 8,461 "," 10,019 "," 11,325 "," 13,500 "," 13,542 "," 12,611 "," 15,022 "," 16,657 "," 16,672 "," 15,670 "," 15,562 "," 15,645 "," 16,620 "," 16,258 "," 14,298 "," 12,832 "," 11,204 "," 2,877 "
,,,,,,,,,,,,,,,,,,,,,,,,,,,,,,,,,
Region IV-B MIMAROPA,,,,,,,,,,,,,,,,,,,,,,,,,,,,,,,,,
MARINDUQUE, 43 , 18 , 18 , 20 , 26 , 34 , 33 , 33 , 26 , 26 , 19 , 17 , 25 , 24 , 31 , 21 , 20 , 50 , 17 , 26 , 17 , 40 , 36 , 38 , 46 , 41 , 67 , 43 , 60 , 54 , 49 , 41 , 7 
OCCIDENTAL MINDORO, 40 , 33 , 53 , 17 , 47 , 17 , 47 , 74 , 48 , 46 , 47 , 41 , 38 , 36 , 27 , 34 , 56 , 53 , 51 , 50 , 39 , 68 , 73 , 88 , 77 , 62 , 77 , 105 , 80 , 82 , 63 , 83 , 23 
ORIENTAL MINDORO, 94 , 108 , 112 , 92 , 98 , 184 , 129 , 91 , 115 , 71 , 99 , 86 , 140 , 137 , 128 , 154 , 160 , 195 , 158 , 220 , 220 , 275 , 369 , 382 , 416 , 364 , 303 , 395 , 342 , 410 , 298 , 254 , 61 
PALAWAN, 21 , 24 , 32 , 33 , 35 , 41 , 45 , 18 , 55 , 37 , 47 , 42 , 38 , 50 , 57 , 64 , 81 , 65 , 118 , 75 , 82 , 110 , 124 , 132 , 123 , 144 , 125 , 136 , 172 , 123 , 162 , 172 , 43 
ROMBLON, 29 , 28 , 34 , 17 , 24 , 37 , 27 , 31 , 38 , 41 , 15 , 11 , 50 , 28 , 38 , 22 , 23 , 32 , 34 , 41 , 44 , 51 , 39 , 42 , 40 , 34 , 31 , 44 , 70 , 39 , 54 , 58 , 8 
Sub-Total MIMAROPA, 227 , 211 , 249 , 179 , 230 , 313 , 281 , 247 , 282 , 221 , 227 , 197 , 291 , 275 , 281 , 295 , 340 , 395 , 378 , 412 , 402 , 544 , 641 , 682 , 702 , 645 , 603 , 723 , 724 , 708 , 626 , 608 , 142 
,,,,,,,,,,,,,,,,,,,,,,,,,,,,,,,,,
Region V - Bicol Region,,,,,,,,,,,,,,,,,,,,,,,,,,,,,,,,,
ALBAY, 210 , 156 , 203 , 209 , 205 , 258 , 201 , 184 , 232 , 238 , 145 , 149 , 175 , 231 , 220 , 214 , 271 , 327 , 418 , 302 , 225 , 355 , 308 , 385 , 307 , 321 , 358 , 486 , 497 , 407 , 422 , 344 , 77 
CAMARINES NORTE, 47 , 44 , 67 , 98 , 94 , 67 , 89 , 72 , 85 , 76 , 69 , 72 , 110 , 96 , 101 , 79 , 126 , 90 , 153 , 164 , 181 , 143 , 139 , 166 , 164 , 188 , 169 , 187 , 206 , 146 , 152 , 118 , 24 
CAMARINES SUR, 358 , 294 , 374 , 396 , 394 , 408 , 425 , 310 , 358 , 324 , 279 , 320 , 379 , 383 , 466 , 429 , 469 , 515 , 669 , 639 , 509 , 623 , 545 , 685 , 729 , 646 , 663 , 851 , 844 , 821 , 733 , 712 , 177 
CATANDUANES, 28 , 18 , 31 , 21 , 23 , 37 , 64 , 40 , 28 , 21 , 13 , 41 , 8 , 26 , 23 , 25 , 34 , 29 , 27 , 37 , 36 , 46 , 43 , 51 , 46 , 48 , 85 , 48 , 62 , 65 , 64 , 38 , 7 
MASBATE, 49 , 29 , 40 , 32 , 31 , 28 , 32 , 46 , 51 , 48 , 33 , 23 , 28 , 30 , 24 , 22 , 38 , 45 , 44 , 41 , 36 , 56 , 63 , 49 , 81 , 58 , 66 , 75 , 85 , 79 , 82 , 65 , 22 
SORSOGON, 74 , 68 , 97 , 59 , 95 , 75 , 81 , 83 , 93 , 93 , 65 , 67 , 67 , 71 , 106 , 102 , 81 , 100 , 127 , 111 , 133 , 140 , 138 , 153 , 149 , 180 , 166 , 145 , 204 , 164 , 151 , 177 , 31 
Sub-Total Bicol Region, 766 , 609 , 812 , 815 , 842 , 873 , 892 , 735 , 847 , 800 , 604 , 672 , 767 , 837 , 940 , 871 ," 1,019 "," 1,106 "," 1,438 "," 1,294 "," 1,120 "," 1,363 "," 1,236 "," 1,489 "," 1,476 "," 1,441 "," 1,507 "," 1,792 "," 1,898 "," 1,682 "," 1,604 "," 1,454 ", 338 
,,,,,,,,,,,,,,,,,,,,,,,,,,,,,,,,,
Region VI - Western Visayas,,,,,,,,,,,,,,,,,,,,,,,,,,,,,,,,,
AKLAN, 125 , 79 , 136 , 98 , 131 , 148 , 141 , 108 , 157 , 121 , 101 , 65 , 122 , 136 , 124 , 147 , 170 , 120 , 165 , 204 , 190 , 191 , 230 , 215 , 215 , 258 , 283 , 321 , 289 , 204 , 202 , 209 , 35 
ANTIQUE, 53 , 40 , 74 , 65 , 71 , 106 , 93 , 51 , 73 , 66 , 57 , 47 , 50 , 61 , 69 , 74 , 111 , 110 , 93 , 132 , 107 , 95 , 118 , 128 , 146 , 140 , 196 , 221 , 192 , 178 , 177 , 162 , 30 
CAPIZ, 104 , 87 , 124 , 127 , 116 , 154 , 173 , 126 , 110 , 98 , 91 , 74 , 130 , 102 , 148 , 132 , 191 , 132 , 229 , 160 , 155 , 220 , 235 , 241 , 282 , 213 , 337 , 387 , 262 , 277 , 300 , 284 , 43 
GUIMARAS, 4 , 9 , 17 , 14 , 28 , 17 , 21 , 36 , 36 , 23 , 14 , 12 , 19 , 11 , 14 , 27 , 49 , 26 , 34 , 23 , 29 , 33 , 37 , 36 , 43 , 44 , 56 , 85 , 58 , 62 , 57 , 69 , 29 
ILOILO , 735 , 604 , 787 , 708 , 768 , 861 , 857 , 625 , 772 , 727 , 522 , 481 , 667 , 767 ," 1,017 ", 856 ," 1,081 "," 1,173 "," 1,443 "," 1,173 ", 964 ," 1,104 "," 1,284 "," 1,187 "," 1,419 "," 1,155 "," 1,382 "," 1,586 "," 1,471 "," 1,308 "," 1,489 "," 1,119 ", 250 
NEGROS OCCIDENTAL, 413 , 451 , 633 , 586 , 678 , 811 , 685 , 587 , 552 , 569 , 404 , 462 , 580 , 653 , 751 , 827 , 982 , 906 ," 1,394 "," 1,115 ", 894 , 930 ," 1,108 "," 1,206 "," 1,239 "," 1,081 "," 1,297 "," 1,519 "," 1,345 "," 1,194 "," 1,273 ", 990 , 265 
Sub-Total Western Visayas," 1,434 "," 1,270 "," 1,771 "," 1,598 "," 1,792 "," 2,097 "," 1,970 "," 1,533 "," 1,700 "," 1,604 "," 1,189 "," 1,141 "," 1,568 "," 1,730 "," 2,123 "," 2,063 "," 2,584 "," 2,467 "," 3,358 "," 2,807 "," 2,339 "," 2,573 "," 3,012 "," 3,013 "," 3,344 "," 2,891 "," 3,551 "," 4,119 "," 3,617 "," 3,223 "," 3,498 "," 2,833 ", 652 
,,,,,,,,,,,,,,,,,,,,,,,,,,,,,,,,,
Region VII - Central Visayas,,,,,,,,,,,,,,,,,,,,,,,,,,,,,,,,,
BOHOL, 204 , 219 , 250 , 254 , 283 , 290 , 310 , 255 , 274 , 346 , 266 , 252 , 319 , 361 , 389 , 408 , 543 , 586 , 655 , 612 , 536 , 536 , 548 , 654 , 683 , 673 , 678 , 891 , 828 , 760 , 772 , 712 , 156 
CEBU," 1,840 "," 1,838 "," 2,007 "," 2,218 "," 2,408 "," 2,641 "," 2,317 "," 1,893 "," 2,127 "," 2,037 "," 1,531 "," 1,795 "," 2,237 "," 2,481 "," 3,304 "," 2,865 "," 3,298 "," 3,805 "," 4,836 "," 4,200 "," 3,411 "," 3,842 "," 3,953 "," 3,976 "," 4,373 "," 4,037 "," 4,091 "," 4,538 "," 4,752 "," 4,399 "," 3,966 "," 3,704 ", 941 
NEGROS ORIENTAL, 197 , 165 , 244 , 230 , 293 , 343 , 323 , 201 , 273 , 294 , 228 , 267 , 288 , 311 , 403 , 399 , 428 , 461 , 697 , 522 , 384 , 471 , 570 , 542 , 591 , 516 , 545 , 649 , 646 , 561 , 600 , 537 , 112 
SIQUIJOR, 54 , 54 , 98 , 52 , 52 , 72 , 71 , 70 , 50 , 63 , 39 , 40 , 57 , 78 , 65 , 66 , 70 , 60 , 68 , 64 , 60 , 68 , 63 , 78 , 64 , 55 , 69 , 71 , 70 , 58 , 91 , 65 , 12 
Sub-Total Central Visayas," 2,295 "," 2,276 "," 2,599 "," 2,754 "," 3,036 "," 3,346 "," 3,021 "," 2,419 "," 2,724 "," 2,740 "," 2,064 "," 2,354 "," 2,901 "," 3,231 "," 4,161 "," 3,738 "," 4,339 "," 4,912 "," 6,256 "," 5,398 "," 4,391 "," 4,917 "," 5,134 "," 5,250 "," 5,711 "," 5,281 "," 5,383 "," 6,149 "," 6,296 "," 5,778 "," 5,429 "," 5,018 "," 1,221 "
,,,,,,,,,,,,,,,,,,,,,,,,,,,,,,,,,
Region VIII - Eastern Visayas,,,,,,,,,,,,,,,,,,,,,,,,,,,,,,,,,
BILIRAN, 20 , 18 , 24 , 28 , 17 , 38 , 25 , 16 , 31 , 20 , 14 , 33 , 29 , 16 , 24 , 19 , 34 , 30 , 31 , 61 , 64 , 73 , 64 , 72 , 72 , 87 , 68 , 87 , 105 , 84 , 69 , 87 , 13 
EASTERN SAMAR, 44 , 40 , 28 , 45 , 67 , 44 , 52 , 43 , 54 , 57 , 43 , 29 , 23 , 43 , 35 , 31 , 59 , 47 , 54 , 63 , 64 , 88 , 102 , 117 , 181 , 127 , 169 , 139 , 106 , 151 , 116 , 111 , 26 
LEYTE, 328 , 334 , 384 , 387 , 418 , 498 , 465 , 386 , 480 , 408 , 311 , 346 , 413 , 365 , 522 , 458 , 638 , 623 , 881 , 840 , 803 , 813 , 827 , 739 , 840 , 817 , 786 , 944 , 915 , 749 , 751 , 783 , 180 
NORTHERN SAMAR, 47 , 26 , 30 , 63 , 42 , 53 , 21 , 33 , 29 , 23 , 27 , 39 , 31 , 25 , 45 , 29 , 33 , 25 , 66 , 49 , 51 , 52 , 59 , 67 , 81 , 56 , 78 , 91 , 98 , 66 , 64 , 69 , 16 
SAMAR (WESTERN SAMAR), 64 , 68 , 65 , 64 , 110 , 98 , 73 , 68 , 60 , 90 , 63 , 74 , 67 , 69 , 86 , 65 , 75 , 85 , 95 , 135 , 124 , 139 , 161 , 171 , 151 , 180 , 169 , 153 , 156 , 180 , 153 , 140 , 28 
SOUTHERN LEYTE, 55 , 50 , 74 , 56 , 56 , 99 , 62 , 80 , 40 , 79 , 74 , 46 , 64 , 69 , 86 , 111 , 101 , 97 , 126 , 156 , 135 , 166 , 142 , 135 , 137 , 132 , 165 , 207 , 241 , 177 , 199 , 183 , 38 
Sub-Total Eastern Visayas, 558 , 536 , 605 , 643 , 710 , 830 , 698 , 626 , 694 , 677 , 532 , 567 , 627 , 587 , 798 , 713 , 940 , 907 ," 1,253 "," 1,304 "," 1,241 "," 1,331 "," 1,355 "," 1,301 "," 1,462 "," 1,399 "," 1,435 "," 1,621 "," 1,621 "," 1,407 "," 1,352 "," 1,373 ", 301 
,,,,,,,,,,,,,,,,,,,,,,,,,,,,,,,,,
Region IX - Zamboanga Peninsula,,,,,,,,,,,,,,,,,,,,,,,,,,,,,,,,,
ZAMBOANGA DEL NORTE, 62 , 43 , 88 , 89 , 128 , 154 , 120 , 131 , 170 , 147 , 99 , 125 , 152 , 153 , 181 , 154 , 172 , 176 , 255 , 278 , 263 , 298 , 262 , 324 , 370 , 320 , 302 , 358 , 364 , 335 , 365 , 272 , 63 
ZAMBOANGA DEL SUR, 129 , 137 , 149 , 164 , 172 , 213 , 282 , 128 , 183 , 197 , 132 , 170 , 213 , 212 , 334 , 334 , 385 , 394 , 710 , 477 , 379 , 431 , 364 , 501 , 502 , 440 , 444 , 557 , 523 , 416 , 447 , 442 , 120 
ZAMBOANGA SIBUGAY, 13 , 2 , 6 , 5 , 12 , 15 , 19 , 8 , 23 , 19 , 13 , 12 , 9 , 12 , 14 , 18 , 18 , 37 , 45 , 36 , 34 , 47 , 39 , 48 , 81 , 45 , 69 , 68 , 74 , 78 , 59 , 58 , 13 
"ISABELA CITY, (BASILAN)  (a)", 10 , 3 , 7 , 1 , 10 , 3 , 3 , 3 , 9 , 14 , 7 , 9 , 5 , 3 , 11 , 3 , 10 , 19 , 12 , 14 , 9 , 13 , 12 , 2 , 3 , 12 , 7 , 5 , 6 , 9 , 8 , 15 , 3 
Sub-Total Zamboanga Peninsula, 214 , 185 , 250 , 259 , 322 , 385 , 424 , 270 , 385 , 377 , 251 , 316 , 379 , 380 , 540 , 509 , 585 , 626 ," 1,022 ", 805 , 685 , 789 , 677 , 875 , 956 , 817 , 822 , 988 , 967 , 838 , 879 , 787 , 199 
,,,,,,,,,,,,,,,,,,,,,,,,,,,,,,,,,
Region X - Northern Mindanao,,,,,,,,,,,,,,,,,,,,,,,,,,,,,,,,,
BUKIDNON, 43 , 44 , 44 , 45 , 57 , 94 , 93 , 71 , 89 , 78 , 58 , 70 , 86 , 71 , 117 , 141 , 138 , 151 , 297 , 253 , 227 , 212 , 211 , 245 , 282 , 287 , 266 , 340 , 362 , 336 , 347 , 354 , 66 
CAMIGUIN, 14 , 11 , 16 , 12 , 22 , 22 , 17 , 17 , 12 , 30 , 12 , 35 , 23 , 23 , 29 , 20 , 24 , 25 , 32 , 24 , 29 , 24 , 27 , 25 , 28 , 29 , 38 , 30 , 31 , 32 , 32 , 43 , 17 
LANAO DEL NORTE, 75 , 69 , 82 , 127 , 112 , 167 , 154 , 170 , 158 , 179 , 128 , 146 , 254 , 249 , 232 , 275 , 338 , 367 , 493 , 358 , 309 , 338 , 290 , 354 , 372 , 339 , 357 , 411 , 430 , 371 , 341 , 390 , 79 
MISAMIS OCCIDENTAL, 93 , 84 , 116 , 121 , 150 , 136 , 139 , 118 , 142 , 117 , 67 , 88 , 121 , 142 , 154 , 190 , 225 , 271 , 328 , 308 , 277 , 276 , 310 , 286 , 358 , 320 , 261 , 278 , 320 , 304 , 255 , 300 , 45 
MISAMIS ORIENTAL, 197 , 181 , 221 , 281 , 282 , 373 , 362 , 281 , 338 , 350 , 318 , 344 , 424 , 399 , 621 , 520 , 789 , 733 ," 1,110 "," 1,025 ", 796 , 958 , 897 , 907 ," 1,022 ", 910 , 943 ," 1,111 "," 1,118 "," 1,002 "," 1,013 ", 862 , 207 
Sub-Total Northern Mindanao, 422 , 389 , 479 , 586 , 623 , 792 , 765 , 657 , 739 , 754 , 583 , 683 , 908 , 884 ," 1,153 "," 1,146 "," 1,514 "," 1,547 "," 2,260 "," 1,968 "," 1,638 "," 1,808 "," 1,735 "," 1,817 "," 2,062 "," 1,885 "," 1,865 "," 2,170 "," 2,261 "," 2,045 "," 1,988 "," 1,949 ", 414 
,,,,,,,,,,,,,,,,,,,,,,,,,,,,,,,,,
Region XI - Davao Region,,,,,,,,,,,,,,,,,,,,,,,,,,,,,,,,,
COMPOSTELA VALLEY, 8 , 21 , 21 , 21 , 31 , 25 , 37 , 22 , 27 , 13 , 25 , 30 , 36 , 33 , 38 , 91 , 69 , 89 , 96 , 92 , 72 , 83 , 99 , 119 , 113 , 122 , 119 , 152 , 173 , 133 , 125 , 159 , 29 
DAVAO DEL NORTE, 43 , 41 , 42 , 59 , 47 , 89 , 87 , 70 , 75 , 92 , 80 , 117 , 202 , 173 , 187 , 226 , 278 , 326 , 405 , 401 , 392 , 357 , 356 , 391 , 456 , 435 , 438 , 543 , 611 , 542 , 497 , 518 , 151 
DAVAO DEL SUR, 352 , 356 , 339 , 448 , 509 , 583 , 633 , 510 , 602 , 612 , 443 , 645 ," 1,098 "," 1,119 "," 1,451 "," 1,552 "," 1,730 "," 1,815 "," 2,129 "," 2,191 "," 2,123 "," 1,864 "," 1,942 "," 2,102 "," 2,535 "," 2,057 "," 2,181 "," 2,642 "," 2,561 "," 2,324 "," 2,253 "," 2,094 ", 568 
DAVAO ORIENTAL, 12 , 9 , 3 , 16 , 16 , 18 , 26 , 15 , 18 , 12 , 24 , 31 , 25 , 63 , 52 , 72 , 62 , 70 , 76 , 79 , 76 , 63 , 64 , 72 , 93 , 75 , 85 , 112 , 89 , 105 , 111 , 101 , 25 
Sub-Total Davao Region, 415 , 427 , 405 , 544 , 603 , 715 , 783 , 617 , 722 , 729 , 572 , 823 ," 1,361 "," 1,388 "," 1,728 "," 1,941 "," 2,139 "," 2,300 "," 2,706 "," 2,763 "," 2,663 "," 2,367 "," 2,461 "," 2,684 "," 3,197 "," 2,689 "," 2,823 "," 3,449 "," 3,434 "," 3,104 "," 2,986 "," 2,872 ", 773 
,,,,,,,,,,,,,,,,,,,,,,,,,,,,,,,,,
Region XII - SOCCSKSARGEN,,,,,,,,,,,,,,,,,,,,,,,,,,,,,,,,,
COTABATO CITY  (a), 21 , 22 , 29 , 27 , 31 , 28 , 22 , 25 , 20 , 14 , 15 , 11 , 26 , 34 , 28 , 41 , 55 , 57 , 76 , 44 , 38 , 27 , 57 , 31 , 47 , 29 , 42 , 50 , 50 , 38 , 47 , 52 , 1 
NORTH COTABATO, 25 , 32 , 49 , 20 , 54 , 59 , 59 , 38 , 53 , 45 , 71 , 59 , 59 , 70 , 77 , 80 , 98 , 125 , 174 , 154 , 150 , 127 , 183 , 186 , 222 , 177 , 185 , 249 , 232 , 207 , 246 , 215 , 50 
SARANGANI, 2 , 9 , 5 , 31 , 20 , 15 , 7 , 7 , 30 , 21 , 12 , 15 , 30 , 17 , 47 , 63 , 78 , 54 , 48 , 95 , 80 , 47 , 41 , 67 , 54 , 42 , 62 , 75 , 73 , 54 , 75 , 69 , 9 
SOUTH COTABATO, 63 , 81 , 101 , 78 , 138 , 143 , 157 , 152 , 188 , 154 , 144 , 141 , 195 , 214 , 231 , 255 , 270 , 357 , 524 , 536 , 463 , 500 , 528 , 487 , 493 , 595 , 574 , 729 , 785 , 699 , 632 , 592 , 138 
SULTAN KUDARAT, 7 , 32 , 11 , 15 , 24 , 27 , 20 , 19 , 19 , 20 , 30 , 22 , 32 , 35 , 36 , 28 , 56 , 52 , 55 , 62 , 69 , 96 , 61 , 62 , 68 , 84 , 95 , 118 , 167 , 82 , 99 , 103 , 20 
Sub-Total SOCCSKSARGEN, 118 , 176 , 195 , 171 , 267 , 272 , 265 , 241 , 310 , 254 , 272 , 248 , 342 , 370 , 419 , 467 , 557 , 645 , 877 , 891 , 800 , 797 , 870 , 833 , 884 , 927 , 958 ," 1,221 "," 1,307 "," 1,080 "," 1,099 "," 1,031 ", 218 
,,,,,,,,,,,,,,,,,,,,,,,,,,,,,,,,,
Region XIII - Caraga,,,,,,,,,,,,,,,,,,,,,,,,,,,,,,,,,
AGUSAN DEL NORTE, 80 , 68 , 98 , 91 , 107 , 96 , 120 , 86 , 133 , 129 , 83 , 139 , 148 , 156 , 175 , 172 , 205 , 212 , 370 , 316 , 281 , 341 , 283 , 298 , 318 , 340 , 298 , 361 , 415 , 336 , 303 , 327 , 57 
AGUSAN DEL SUR, 5 , 6 , 10 , 10 , 13 , 18 , 27 , 25 , 15 , 19 , 11 , 32 , 23 , 26 , 36 , 34 , 38 , 50 , 72 , 76 , 102 , 88 , 99 , 97 , 109 , 108 , 97 , 143 , 148 , 96 , 108 , 119 , 26 
SURIGAO DEL NORTE (still includes Dinagat Islands) (b), 22 , 48 , 41 , 58 , 68 , 71 , 78 , 62 , 67 , 74 , 53 , 69 , 61 , 47 , 97 , 83 , 129 , 134 , 169 , 132 , 119 , 136 , 184 , 170 , 183 , 147 , 168 , 183 , 199 , 195 , 120 , 157 , 31 
SURIGAO DEL SUR, 41 , 22 , 23 , 35 , 29 , 41 , 44 , 41 , 57 , 36 , 40 , 44 , 63 , 50 , 64 , 72 , 95 , 110 , 128 , 140 , 146 , 150 , 132 , 137 , 149 , 144 , 154 , 159 , 185 , 149 , 145 , 148 , 32 
Sub-Total Caraga, 148 , 144 , 172 , 194 , 217 , 226 , 269 , 214 , 272 , 258 , 187 , 284 , 295 , 279 , 372 , 361 , 467 , 506 , 739 , 664 , 648 , 715 , 698 , 702 , 759 , 739 , 717 , 846 , 947 , 776 , 676 , 751 , 146 
,,,,,,,,,,,,,,,,,,,,,,,,,,,,,,,,,
Autonomous Region in Muslim Mindanao (ARMM),,,,,,,,,,,,,,,,,,,,,,,,,,,,,,,,,
BASILAN, 3 ,   , 5 , 3 , 2 , 9 , 2 ,   , 9 , 2 ,   , 3 , 2 , 5 , 3 , 4 , 2 , 6 , 10 , 13 , 1 , 2 , 7 , 2 , 8 ,, 2 ,, 4 , -   , 1 , 10 , 2 
LANAO DEL SUR,   , 9 , 1 , 2 , 5 ,   , 2 , 1 ,   , 1 , 1 , 1 , 2 , 3 , 5 ,   , 1 , 1 , 1 ,,, 2 , 1 , 1 , 5 , 3 , 5 , 13 , 6 , 5 , 9 , 5 , 2 
MAGUINDANAO (still includes Shariff Kabunsuan) (c), 2 , 3 , 1 , 3 , 2 , 2 , 3 , 5 , 8 , 2 , 1 , 14 , 23 , 4 , 5 , 11 , 10 , 31 , 15 , 19 , 4 , 5 , 15 , 13 , 12 , 10 , 13 , 28 , 11 , 14 , 20 , 20 , 4 
SULU, 2 , 2 , 2 , 4 , 1 , 2 ,   , 2 , 3 ,   , 1 ,   , 2 , 1 ,   , 2 ,   ,   ,   ,, 1 , 2 , 1 , 2 , 6 ,, 2 ,,, 2 , 1 ,,
TAWI-TAWI,   , 1 ,   ,   , 1 , 3 , 4 ,   ,   ,   ,   ,   ,   , 1 , 5 ,   ,   ,   ,   ,, 13 , 2 , 2 ,, 2 , 3 ,,,,,,,
Sub-Total ARMM, 7 , 15 , 9 , 12 , 11 , 16 , 11 , 8 , 20 , 5 , 3 , 18 , 29 , 14 , 18 , 17 , 13 , 38 , 26 , 32 , 19 , 13 , 26 , 18 , 33 , 16 , 22 , 41 , 21 , 21 , 31 , 35 , 8 
,,,,,,,,,,,,,,,,,,,,,,,,,,,,,,,,,
Cordillera Administrative Region (CAR),,,,,,,,,,,,,,,,,,,,,,,,,,,,,,,,,
ABRA, 101 , 111 , 111 , 130 , 161 , 160 , 171 , 145 , 244 , 123 , 123 , 131 , 127 , 134 , 102 , 115 , 155 , 150 , 206 , 180 , 187 , 183 , 198 , 250 , 240 , 200 , 226 , 300 , 265 , 263 , 217 , 199 , 51 
APAYAO, 6 , 20 , 8 , 3 , 4 , 10 , 14 , 27 , 22 , 11 , 9 , 4 , 7 , 2 , 12 , 6 , 14 , 16 , 19 , 25 , 14 , 27 , 37 , 20 , 43 , 27 , 47 , 64 , 40 , 54 , 45 , 50 , 6 
BENGUET, 915 , 675 , 768 , 766 , 797 , 855 , 852 , 749 , 794 , 841 , 569 , 703 , 991 , 881 ," 1,160 "," 1,068 "," 1,264 "," 1,144 "," 1,495 "," 1,233 "," 1,117 "," 1,255 "," 1,627 "," 1,640 "," 1,524 "," 1,467 "," 1,445 "," 2,164 "," 1,838 "," 1,675 "," 1,506 "," 1,206 ", 295 
IFUGAO, 17 , 10 , 21 , 11 , 31 , 22 , 29 , 15 , 20 , 12 , 19 , 8 , 11 , 23 , 24 , 28 , 43 , 46 , 47 , 36 , 37 , 37 , 50 , 74 , 79 , 47 , 79 , 124 , 100 , 104 , 116 , 82 , 22 
KALINGA, 17 , 12 , 14 , 15 , 22 , 14 , 42 , 21 , 20 , 14 , 4 , 21 , 18 , 23 , 32 , 23 , 39 , 25 , 25 , 22 , 25 , 51 , 61 , 119 , 49 , 59 , 65 , 122 , 121 , 117 , 110 , 103 , 6 
MOUNTAIN PROVINCE, 8 , 11 , 13 , 27 , 12 , 28 , 24 , 20 , 12 , 12 , 15 , 22 , 33 , 15 , 19 , 45 , 40 , 33 , 39 , 18 , 47 , 34 , 48 , 30 , 72 , 29 , 56 , 132 , 146 , 111 , 95 , 98 , 21 
Sub-Total CAR," 1,064 ", 839 , 935 , 952 ," 1,027 "," 1,089 "," 1,132 ", 977 ," 1,112 "," 1,013 ", 739 , 889 ," 1,187 "," 1,078 "," 1,349 "," 1,285 "," 1,555 "," 1,414 "," 1,831 "," 1,514 "," 1,427 "," 1,587 "," 2,021 "," 2,133 "," 2,007 "," 1,829 "," 1,918 "," 2,906 "," 2,510 "," 2,324 "," 2,089 "," 1,738 ", 401 
,,,,,,,,,,,,,,,,,,,,,,,,,,,,,,,,,
NATIONAL CAPITAL REGION,,,,,,,,,,,,,,,,,,,,,,,,,,,,,,,,,
"BINONDO, (NCR,  FIRST DISTRICT)",,,,,,,,,,, 62 , 50 , 45 , 47 , 61 , 40 , 67 , 90 , 63 , 83 , 93 ,72,53,55,82,57,53,50,65,51,38,20,10
"ERMITA, (NCR,  FIRST DISTRICT)",,,,,,,,,,, 30 , 38 , 42 , 27 , 37 , 23 , 41 , 72 , 48 , 42 , 34 ,32,32,56,63, 47 , 51 , 43 , 55 ,31,38,38,11
"INTRAMUROS, (NCR,  FIRST DISTRICT)",,,,,,,,,,,, 7 , 10 , 4 ,, 4 , 29 , 41 , 15 , 8 , 5 ,15,6,7,3, 11 , 7 , 5 , 3 ,9,8,1,
"MALATE, (NCR,  FIRST DISTRICT)",   ,,,,,,,,,, 297 , 218 , 326 , 286 , 315 , 240 , 322 , 359 , 403 , 397 , 315 ,340,322,279,339, 279 , 254 , 322 , 279 ,196,227,143,43
"PACO, (NCR,  FIRST DISTRICT)",,,,,,,,,,, 111 , 127 , 126 , 151 , 169 , 158 , 175 , 161 , 199 , 205 , 132 ,180,172,191,143, 150 , 153 , 182 , 142 ,108,141,100,17
"PANDACAN, (NCR,  FIRST DISTRICT)",,,,,,,,,,, 89 , 124 , 154 , 126 , 158 , 122 , 132 , 140 , 186 , 141 , 132 ,174,160,165,137, 115 , 172 , 129 , 127 ,109,101,94,26
"PORT AREA, (NCR,  FIRST DISTRICT)",   ,,,,,,,,,,,,, 1 ,, 1 ,,,,, 2 ,3,1,,3, 1 , 2 , 4 , 7 ,,2,,3
"QUIAPO, (NCR,  FIRST DISTRICT)",   ,,,,,,,,,, 36 , 40 , 47 , 45 , 51 , 41 , 31 , 36 , 25 , 41 , 23 ,25,29,32,41, 46 , 30 , 30 , 20 ,25,24,13,2
"SAMPALOC, (NCR,  FIRST DISTRICT)",   ,   ,   ,,,,,,,, 737 , 690 ," 1,159 "," 1,059 "," 1,224 "," 1,079 "," 1,170 "," 1,271 "," 1,403 "," 1,340 "," 1,040 ",1141,1103,1069,995, 856 , 896 , 869 , 895 ,793,728,571,109
"SAN MIGUEL, (NCR,  FIRST DISTRICT)",,,,,,,,,,, 20 , 17 , 42 , 12 , 30 , 25 , 41 , 21 , 33 , 53 , 18 ,30,37,41,22, 28 , 16 , 26 , 35 ,20,24,11,1
"SAN NICOLAS, (NCR,  FIRST DISTRICT)",,,,,,,,,,, 2 ,,, 4 ,, 1 ,,, 2 ,, 3 ,,,,,, 8 ,,,,1,2,
"SANTA ANA, (NCR,  FIRST DISTRICT)",,,,,,,,,,, 188 , 200 , 206 , 204 , 192 , 197 , 201 , 265 , 237 , 254 , 216 ,217,180,193,205, 158 , 202 , 256 , 263 ,198,189,192,45
"SANTA CRUZ, (NCR,  FIRST DISTRICT)",,,,,,,,,,, 248 , 207 , 273 , 262 , 290 , 260 , 266 , 296 , 321 , 282 , 248 ,257,227,233,210, 177 , 193 , 244 , 231 ,214,142,149,24
"TONDO, (NCR,  FIRST DISTRICT)",   ,   ,   ,   ,   ,   ,   ,   ,   ,   , 531 , 542 , 662 , 622 , 720 , 569 , 617 , 685 , 716 , 779 , 634 ,725,622,669,637, 591 , 593 , 655 , 565 ,556,598,480,92
"MANILA, (NCR, FIRST DISTRICT)"," 6,510 "," 6,167 "," 7,027 "," 6,779 "," 6,387 "," 6,401 "," 5,795 "," 4,956 "," 4,805 "," 3,982 ", 267 , 230 , 2 , 16 ,,,, 8 ,   ,,,,,,,,,,,,,,
"NCR, FIRST DISTRICT",,,,,,,,,,,,,,,,,,,, 11 ,,,,,,,,,,,,,
,,,,,,,,,,,,,,,,,,,,,,,,,,,,,,,,,
"CITY OF MANDALUYONG, (NCR   SECOND DISTRICT)", 918 , 822 , 850 , 884 , 943 , 978 , 808 , 710 , 785 , 540 , 430 , 409 , 582 , 601 , 568 , 512 , 676 , 680 , 776 , 772 , 766 , 908 , 869 , 681 , 692 , 642 , 688 , 761 , 905 ,666,632,587,135
"CITY OF MARIKINA, (NCR   SECOND DISTRICT)", 946 , 827 , 908 , 949 , 915 ," 1,041 ", 983 , 806 , 853 , 735 , 487 , 523 , 619 , 798 , 759 , 733 , 797 , 887 ," 1,012 ", 969 , 845 , 893 , 884 , 852 , 763 , 745 , 728 , 830 , 825 ,692,685,591,127
"CITY OF PASIG, (NCR   SECOND DISTRICT)", 875 , 820 , 877 , 946 , 935 , 991 ," 1,052 ", 985 ," 1,086 ", 935 , 684 , 704 , 906 ," 1,072 "," 1,119 "," 1,044 "," 1,272 "," 1,267 "," 1,669 "," 1,452 "," 1,113 "," 1,210 "," 1,350 "," 1,183 "," 1,141 "," 1,100 "," 1,044 "," 1,372 "," 1,258 ",1120,960,930,191
"QUEZON CITY, (NCR   SECOND DISTRICT)"," 6,940 "," 6,789 "," 7,309 "," 7,216 "," 7,325 "," 7,674 "," 7,168 "," 6,067 "," 6,282 "," 5,556 "," 3,926 "," 4,165 "," 5,421 "," 5,427 "," 5,630 "," 5,226 "," 5,790 "," 6,313 "," 7,289 "," 6,870 "," 5,638 "," 5,923 "," 6,125 "," 5,811 "," 5,696 "," 5,381 "," 5,013 "," 5,584 "," 5,330 ",4569,4200,3505,933
"SAN JUAN, (NCR   SECOND DISTRICT)", 565 , 579 , 589 , 509 , 518 , 567 , 480 , 352 , 352 , 336 , 212 , 216 , 250 , 287 , 380 , 455 , 514 , 439 , 544 , 418 , 397 , 379 , 357 , 342 , 478 , 274 , 190 , 228 , 240 ,170,170,154,32
NCR SECOND DISTRICT,,,,,,,,,,,,,,,,,, 9 ,   , 2 ,,,,,,,,,,,,,
,,,,,,,,,,,,,,,,,,   ,,,,,,,,,,,,,,,
"CITY OF VALENZUELA, (NCR   THIRD DISTRICT)", 461 , 532 , 618 , 616 , 598 , 606 , 686 , 594 , 668 , 553 , 425 , 381 , 469 , 426 , 535 , 497 , 536 , 669 , 720 , 735 , 677 , 679 , 755 , 654 , 785 , 712 , 752 , 864 , 776 ,732,550,540,139
"KALOOKAN CITY, (NCR   THIRD DISTRICT)"," 1,129 "," 1,192 "," 1,562 "," 1,593 "," 1,482 "," 1,672 "," 1,510 "," 1,640 "," 1,811 "," 1,768 "," 1,243 "," 1,320 "," 1,269 "," 1,178 "," 1,174 "," 1,161 "," 1,247 "," 1,427 "," 1,788 "," 1,765 "," 1,665 "," 1,669 "," 1,801 "," 1,695 "," 1,597 "," 1,626 "," 1,720 "," 1,844 "," 1,856 ",1465,1312,1209,338
"MALABON, (NCR   THIRD DISTRICT)", 454 , 442 , 459 , 549 , 501 , 470 , 498 , 395 , 453 , 392 , 311 , 257 , 348 , 293 , 321 , 322 , 329 , 368 , 420 , 395 , 337 , 360 , 377 , 371 , 404 , 296 , 331 , 366 , 303 ,337,264,244,67
"NAVOTAS, (NCR   THIRD DISTRICT)", 189 , 202 , 197 , 232 , 203 , 171 , 190 , 175 , 181 , 151 , 118 , 133 , 155 , 173 , 130 , 152 , 196 , 177 , 242 , 186 , 206 , 179 , 177 , 210 , 222 , 152 , 188 , 207 , 175 ,178,138,125,29
NCR THIRD DISTRICT,,,,,,,,,,,,,,,,,, 2 ,, 1 ,,,,,,,,,,,,,
,,,,,,,,,,,,,,,,,,,,,,,,,,,,,,,,,
"CITY OF LAS PIÑAS, (NCR   FOURTH DISTRICT)"," 1,216 "," 1,200 "," 1,213 "," 1,357 "," 1,321 "," 1,480 "," 1,531 "," 1,220 "," 1,237 "," 1,205 ", 866 , 914 ," 1,143 "," 1,215 "," 1,255 "," 1,069 "," 1,252 "," 1,432 "," 1,795 "," 1,736 "," 1,465 "," 1,411 "," 1,541 "," 1,337 "," 1,365 "," 1,224 "," 1,426 "," 1,405 "," 1,453 ",1158,1037,935,223
"CITY OF MAKATI, (NCR   FOURTH DISTRICT)"," 1,728 "," 1,683 "," 1,774 "," 1,711 "," 1,664 "," 1,703 "," 1,712 "," 1,297 "," 1,372 "," 1,132 ", 822 , 822 ," 1,050 "," 1,115 "," 1,020 ", 994 ," 1,184 "," 1,425 "," 1,493 "," 1,371 "," 1,296 "," 1,298 "," 1,266 "," 1,203 "," 1,145 "," 1,128 "," 1,244 "," 1,320 "," 1,294 ",1101,1009,885,191
"CITY OF MUNTINLUPA, (NCR   FOURTH DISTRICT)", 568 , 534 , 643 , 517 , 560 , 664 , 642 , 606 , 605 , 521 , 371 , 335 , 501 , 467 , 521 , 504 , 580 , 677 , 694 , 785 , 575 , 691 , 739 , 705 , 616 , 572 , 603 , 656 , 627 ,547,507,475,122
"CITY OF PARAÑAQUE, (NCR   FOURTH DISTRICT)"," 1,543 "," 1,401 "," 1,598 "," 1,637 "," 1,701 "," 1,933 "," 1,735 "," 1,566 "," 1,357 "," 1,323 ", 898 , 883 ," 1,218 "," 1,216 "," 1,235 "," 1,221 "," 1,408 "," 1,556 "," 1,677 "," 1,591 "," 1,453 "," 1,452 "," 1,414 "," 1,263 "," 1,343 "," 1,210 "," 1,176 "," 1,248 "," 1,263 ",1044,1024,844,208
"PASAY CITY, (NCR   FOURTH DISTRICT)"," 1,045 "," 1,012 "," 1,130 "," 1,201 "," 1,134 "," 1,197 "," 1,131 "," 1,006 "," 1,091 ", 851 , 642 , 643 , 709 , 737 , 911 , 882 ," 1,156 "," 1,076 "," 1,349 "," 1,270 ", 948 , 835 , 843 , 698 , 773 , 785 , 750 , 661 , 687 ,585,485,437,110
"PATEROS, (NCR   FOURTH DISTRICT)", 106 , 117 , 124 , 99 , 101 , 99 , 113 , 84 , 118 , 84 , 55 , 59 , 80 , 65 , 64 , 68 , 72 , 124 , 129 , 130 , 100 , 102 , 113 , 112 , 87 , 79 , 97 , 85 , 95 ,84,62,54,14
"TAGUIG, (NCR   FOURTH DISTRICT)", 177 , 224 , 292 , 280 , 251 , 366 , 309 , 329 , 355 , 305 , 250 , 294 , 359 , 402 , 444 , 447 , 477 , 508 , 613 , 660 , 677 , 863 , 815 , 861 , 944 , 835 , 883 , 990 , 881 ,855,768,752,174
NCR FOURTH DISTRICT,,,,,,,,,,,,,,,,,, 4 ,,,,,,,,,,,,,,,
,,,,,,,,,,,,,,,,,,,,,,,,,,,,,,,,,
Sub-Total National Capital Region," 25,370 "," 24,543 "," 27,170 "," 27,075 "," 26,539 "," 28,013 "," 26,343 "," 22,788 "," 23,411 "," 20,369 "," 14,358 "," 14,548 "," 18,173 "," 18,338 "," 19,313 "," 18,047 "," 20,578 "," 22,485 "," 25,861 "," 24,744 "," 21,053 "," 22,063 "," 22,370 "," 20,968 "," 20,931 "," 19,277 "," 19,463 "," 21,236 "," 20,655 "," 17,613 "," 16,064 "," 14,081 "," 3,416 "
,,,,,,,,,,,,,,,,,,,,,,,,,,,,,,,,,